"user_id","pay_count"
548148,1
54864,1
843034,1
83240,1
917935,1
137066,1
585051,1
627072,1
366292,1
133888,1
850116,1
165778,1
1010205,1
545110,1
562984,1
634037,1
633616,1
152093,1
294807,1
773128,1
693748,1
919779,1
226689,1
225495,1
476,1
863566,1
123048,1
148753,1
316863,1
968321,1
579985,1
871268,1
3935,1
433111,1
6342,1
512897,1
910037,1
533840,2
55302,1
843120,1
999071,1
892874,1
153524,1
684332,1
625358,1
82606,1
134297,1
655879,1
545050,1
417817,1
493688,1
60667,1
327796,1
242795,1
879748,1
794173,1
20842,1
527959,1
606738,1
443488,1
524238,1
749896,1
392995,1
610766,1
435391,1
616800,1
616101,1
81603,1
937589,1
379801,1
33240,1
6509,1
461342,1
80477,1
987958,1
237582,1
729832,1
188951,1
997371,1
996424,1
689599,1
690818,1
311225,1
12349,1
792325,1
100383,1
409501,1
896087,1
454584,1
391002,1
659647,1
768481,1
504954,1
582776,1
786248,1
332968,1
811750,1
904109,1
341924,1
396722,1
250124,1
487541,1
133574,1
18670,1
449199,1
270045,1
515534,1
235145,1
714040,1
303691,1
517869,1
859876,1
919883,1
546086,1
306824,1
171149,1
564509,1
763841,1
490422,1
767384,1
680884,1
230269,1
124574,1
382709,2
84376,1
549345,1
426173,1
351876,1
67126,1
885572,1
207782,1
232498,1
607463,1
481636,1
145824,1
495157,1
957794,1
108228,1
223137,1
59187,1
832410,1
993212,1
269343,1
124844,1
497607,1
344039,1
716629,1
427214,1
166670,1
489325,1
352735,1
286234,1
685928,1
933493,1
30971,1
647469,1
103879,1
259659,1
115455,1
764926,1
649651,1
4436,1
556182,1
776145,1
708571,1
122550,1
919703,1
797549,1
972438,1
1004993,1
365470,1
387570,1
1010425,1
725824,1
12838,1
92177,1
411323,1
158609,1
711708,1
367075,1
84818,1
42662,1
855242,1
314767,1
10829,1
956356,1
825659,1
659847,1
946998,1
272707,1
751795,1
185763,1
969977,1
302870,1
355106,1
347510,1
928062,1
953177,1
528591,1
430623,1
289935,1
344337,1
530712,1
740276,1
121935,1
967867,1
30039,1
498888,1
778151,1
205088,1
525879,1
427608,1
258321,1
343392,1
79896,1
257849,1
760707,1
379368,1
540278,1
452673,1
388384,1
272198,1
815890,1
234822,1
535316,1
113352,1
81891,2
898527,1
1017357,1
668209,1
756725,1
588278,1
984794,1
899294,1
590396,1
740064,1
309969,1
971489,1
87783,1
610203,1
748639,1
818145,1
139518,1
42201,1
871216,1
619628,1
688294,1
252129,1
685219,1
267901,1
929629,1
217427,1
763300,1
680962,1
389010,1
450131,1
629957,1
995931,1
448354,1
308881,1
722484,1
959245,1
14884,1
775432,1
456542,1
638893,1
34536,1
286602,1
732718,1
576051,1
841695,1
902214,1
144511,1
770916,1
111918,1
187350,1
1003060,1
381751,1
738086,1
938217,1
170748,1
734093,1
645873,1
869555,1
249694,1
778137,1
225342,1
1017750,1
526232,1
972538,1
688982,1
128639,1
186746,1
35290,1
353255,1
66296,1
407600,1
52243,1
587512,1
241082,1
653206,1
833661,1
983130,1
306602,1
290284,1
883155,1
540320,1
596833,1
44958,1
918026,1
100188,1
784817,1
760885,1
478427,1
310399,1
864491,1
762042,1
507090,1
673736,1
128608,1
967845,1
393772,1
197015,1
491595,1
452694,1
708149,1
818212,1
431629,1
508030,1
173338,1
406499,1
208539,1
45188,1
324618,1
595839,1
239022,1
825675,1
152578,1
364071,1
45529,1
612763,1
39975,1
513424,1
663264,2
104904,1
154007,1
822168,1
723716,1
730124,1
584337,1
204370,1
694799,1
562252,1
667380,1
353972,1
937714,1
67714,1
81035,1
347039,1
613207,1
409076,1
891901,1
733840,1
377368,1
15896,1
901874,1
362075,1
941688,1
385726,1
640187,1
396505,1
765567,1
642222,1
583112,1
694550,1
167194,1
886721,1
377748,1
974131,1
919138,1
253571,1
207598,1
575912,1
658949,1
40515,1
393597,1
198526,1
49907,1
921337,1
311456,1
14544,1
242777,1
396092,1
210885,1
168672,1
682730,1
97131,1
733032,1
920083,1
773262,1
86636,1
191849,1
234639,1
631527,1
304421,1
424981,1
429183,1
914806,1
707901,1
400175,1
700071,1
444303,1
520638,1
954250,1
824268,1
153102,1
948651,1
80983,1
790892,1
721837,1
737982,1
94917,1
512708,1
806095,1
737435,1
933634,1
795623,1
91973,1
589690,1
754538,1
621957,1
33590,1
913395,1
58451,1
239932,1
15666,1
974232,1
334368,1
390200,1
225267,1
623244,1
77568,1
875044,1
354422,1
883294,1
578279,1
174698,1
755125,1
314812,1
1011678,1
587713,1
713836,1
365249,1
329018,1
319792,1
250583,2
986670,1
318075,1
976932,1
322200,1
413319,1
692908,1
471293,1
1015774,1
219223,1
562144,1
432823,1
361642,1
474643,1
480246,1
480564,1
423722,1
155004,1
170592,1
779980,1
981396,1
631943,1
223853,1
999113,1
320237,1
369751,1
708689,1
354969,1
900703,1
402883,1
26436,1
294385,1
94055,1
212997,1
730825,1
34355,1
373275,1
157737,1
468881,1
849084,1
767935,1
44618,1
173050,1
841310,1
299512,1
981600,1
289651,1
98534,1
253186,1
654130,1
72395,1
682672,1
5376,1
966393,1
298179,1
508187,1
241420,1
909128,1
565907,1
589259,1
284570,1
506783,1
828474,1
336170,1
806165,1
217741,1
575115,1
180906,1
604988,1
213426,1
930557,1
641854,1
323604,1
844329,1
284643,1
194352,1
1014976,1
648878,1
830950,1
544131,1
919889,1
106295,1
422170,1
374515,1
332171,1
99307,1
478693,1
855781,1
337610,1
89370,1
452382,1
625776,1
140291,1
632486,1
343798,1
551840,1
411040,1
1132,1
927473,1
27740,1
36383,1
519587,1
485300,1
307647,1
896893,1
1012975,1
298428,1
305749,1
743441,1
841364,1
97603,1
900794,1
586097,1
707824,1
95126,1
587925,1
751538,1
217278,1
737924,1
487067,1
326479,1
803770,1
948196,1
18180,1
62629,1
265771,1
202480,1
952898,1
1006476,1
822361,1
898163,1
162755,1
372532,1
193733,1
856680,1
413473,1
437704,1
777764,1
341714,1
866670,1
410976,1
649649,1
446925,1
746097,1
309105,1
911295,1
957186,1
955490,1
160340,1
172893,1
501998,1
420320,1
446205,1
458695,1
192265,1
469269,1
282787,1
184077,1
631237,1
314965,1
550202,1
588052,1
689399,1
646867,1
499691,1
760946,1
340847,1
93411,1
119099,1
497003,1
1011241,1
626550,1
43698,1
814769,1
961036,1
49932,1
76057,1
316003,1
760836,1
638325,1
879865,1
188420,1
862109,1
949478,1
448850,1
197636,1
861541,1
71993,1
769959,1
117653,1
506330,1
162859,1
202948,1
576381,1
71131,1
953334,1
895359,1
122852,1
804836,1
857970,1
248586,1
15706,1
624990,1
581288,1
820260,1
334774,1
814069,1
281618,1
722834,1
114346,1
293344,1
44130,1
592177,1
371322,1
971659,1
743307,1
252913,1
645494,1
864016,1
588718,1
632567,1
120619,1
618201,1
585971,1
961495,1
983861,1
419975,1
364008,1
151548,1
915711,1
16886,1
921919,1
834775,1
911979,1
945342,1
291814,1
255057,1
308473,1
435498,1
132219,1
52453,1
361028,1
554926,1
688784,1
40125,1
37780,1
137610,1
760877,1
253859,1
421045,1
878297,1
62410,1
895894,1
378244,1
649767,1
651731,1
559034,1
343468,1
361899,1
228357,1
152701,1
539033,1
159640,1
494139,1
808939,1
619308,1
423270,1
107901,1
549478,1
122137,1
786665,1
487344,1
106450,1
128379,1
986525,1
696726,1
552545,1
859842,1
1015873,1
3399,1
613341,1
214328,1
154841,1
36130,1
157530,1
41753,1
61015,1
718945,1
810262,1
991575,1
326646,1
843230,1
752695,1
407276,1
312299,1
783789,1
235829,1
198700,1
95806,1
511510,1
183453,1
94504,1
723118,1
962374,1
581999,1
681376,1
955888,1
619605,1
641598,1
606386,1
602196,1
181507,1
165340,1
437668,1
469337,1
803924,1
885880,1
968670,1
720155,1
228042,1
264183,1
770609,1
794007,1
895332,1
498216,1
855331,1
818528,1
67172,1
1005839,1
185587,1
39978,1
824090,1
111077,1
507544,1
335526,1
100367,1
396762,1
375510,1
46690,1
539646,1
149221,1
670199,1
1004606,1
109287,1
799624,1
224340,1
796191,1
444293,1
847397,1
160869,1
131908,1
356356,1
714109,1
166245,1
180756,1
591705,1
595206,1
623060,1
1006146,1
1008329,1
502667,1
301655,1
890972,1
333639,1
939769,1
731381,1
736041,1
876657,1
729190,1
301450,1
304073,1
369278,1
681847,1
757119,1
659835,1
797578,1
126172,1
11480,1
121628,1
95458,1
348774,1
967431,1
535500,1
123959,1
816369,1
925100,1
504381,1
293316,1
996178,1
616460,1
61300,1
328023,1
328354,1
275757,1
1017111,1
543718,1
83238,1
258815,1
141430,1
224053,1
775529,1
832392,1
983330,1
369214,1
1014741,1
599368,1
597380,1
287137,1
848113,1
118170,1
48865,1
189119,1
156544,1
254385,1
832059,1
715731,1
643794,1
305500,1
71202,1
1005596,1
570514,1
998769,1
1005572,1
327686,1
330626,1
133437,1
360536,1
91383,1
597036,1
357565,1
723347,1
152938,1
158775,1
927279,1
109325,1
638315,1
553891,1
60452,1
922137,1
539593,1
756260,1
517774,1
596521,1
878858,1
884447,1
123390,1
444242,1
121230,1
342498,1
30828,1
771298,1
540737,1
716384,1
710860,1
377091,1
567604,1
651446,1
421460,1
128372,1
621656,1
729859,1
916838,1
1016509,1
800323,1
899435,1
351679,1
237505,1
839995,1
170732,1
807780,1
993805,1
948774,1
302120,1
82319,1
336152,1
303818,1
133502,1
660996,1
358091,1
956865,1
618209,1
603525,1
235396,1
92172,1
79613,1
745232,1
576383,1
366626,1
964193,1
474065,1
332147,1
609072,1
785616,1
432321,1
718131,1
578972,1
586537,1
862437,1
152543,1
683652,1
646977,1
449346,1
36361,1
338681,1
287592,1
1000427,1
128216,1
272637,1
858096,1
443334,1
422681,1
899044,1
761755,1
851325,1
9179,1
894311,1
815412,1
824370,1
678403,1
349249,1
334527,1
874782,1
509660,1
421053,1
71530,1
224889,1
288767,1
223763,1
502725,1
332995,1
423379,1
722790,1
895398,1
717390,1
929949,1
729063,1
691259,1
821718,1
477544,1
348829,1
566017,1
916609,1
563750,1
598029,1
408580,1
190434,1
821862,1
710164,1
1426,1
302829,1
189774,1
175094,1
536653,1
874491,1
688450,1
204825,1
882980,1
908942,1
941436,1
993464,1
660541,1
330405,1
512944,1
275394,1
510515,1
975926,1
379310,1
217485,1
249273,1
425153,1
557399,1
989545,1
570520,1
43872,1
339327,1
860561,1
431846,1
333511,1
253713,1
357726,1
454352,1
935841,1
670886,1
969997,1
180884,1
76525,1
1011926,1
579430,1
116325,1
399692,1
889979,1
958404,1
639051,1
464282,1
176034,1
713985,1
564569,1
956735,1
389825,1
873822,1
706299,1
495576,1
817134,1
349883,1
535211,1
987647,1
612585,1
900673,1
451015,1
634327,1
53289,1
727588,1
825501,1
966680,1
667139,1
886401,1
305090,1
914847,1
807081,1
513096,1
777022,1
634958,1
671513,1
931409,1
998138,1
352109,1
812954,1
859835,1
331872,1
505900,1
469620,1
518000,1
776244,1
1014091,1
977799,1
321332,1
953331,1
599776,1
195771,1
497141,1
926646,1
964790,1
41277,1
694665,1
610511,1
340385,1
459625,1
325111,1
907827,1
920617,1
669858,1
282276,1
538581,1
503610,1
511518,1
394567,1
555452,1
491662,1
954197,1
391504,1
596539,1
171761,1
437960,1
581586,1
16713,1
865706,1
563876,1
277586,1
474529,1
827175,1
306429,1
435029,1
562024,1
943075,1
1006772,1
42469,1
6859,1
739727,1
104053,1
799249,1
849000,1
778276,1
604088,1
906715,1
923737,1
15868,1
868609,1
222245,1
426068,1
578582,1
392001,1
239485,1
344376,1
10470,1
829863,1
275845,1
960816,1
306305,1
965100,1
485930,1
28284,1
898776,1
967403,1
986418,1
749737,1
977020,1
197947,1
724990,1
397577,1
567853,1
784934,1
387151,1
931814,1
494672,1
766733,1
932904,1
231392,1
324386,1
782616,1
1007912,1
61749,1
22753,1
336930,1
384758,1
127411,1
557347,1
849860,1
528059,1
692391,1
891628,1
877835,1
653229,1
916170,1
732859,1
967242,1
363340,1
287442,1
129771,1
607155,1
571702,1
259679,1
976986,1
951956,1
756758,1
270503,1
916122,1
455234,1
330681,1
611828,1
238908,1
914744,1
801084,1
418311,1
691246,1
338309,1
997764,1
867603,1
44534,1
877134,1
309509,1
847352,1
418080,1
917428,1
877454,1
27033,1
521013,1
777410,1
215262,1
774248,1
464449,1
631814,1
959400,1
691598,1
237662,1
48555,1
899654,1
856496,1
273389,1
555269,1
928873,1
373965,1
73092,1
645597,1
802354,1
388735,1
161703,1
651442,1
472817,1
832971,1
987653,1
176437,1
728784,1
676651,1
506041,1
957827,1
233573,1
521509,1
486102,1
244652,1
571678,1
77708,1
982316,1
654494,1
129549,1
78327,1
369643,1
838807,1
153201,1
397392,1
247993,1
775098,1
717640,1
384665,1
533590,1
511282,1
172932,1
41644,1
74150,1
185356,1
454080,1
530453,1
794833,1
787374,1
323754,1
968358,1
391796,1
181883,1
12667,1
643055,1
902196,1
708745,1
557551,1
600759,1
473749,1
341704,1
353728,1
438882,1
892170,1
967154,1
456797,1
755404,1
875260,1
244013,1
844005,1
154509,1
437383,1
503354,1
540849,1
255657,1
921344,1
673588,1
955504,1
297471,1
627553,1
172091,1
152367,1
327822,1
700332,1
674060,1
869187,1
22262,1
909111,1
631154,1
691417,1
574417,1
977056,1
479815,1
784289,1
204977,1
914779,1
59381,1
25343,1
426342,1
643626,1
857529,1
236824,1
278938,1
552478,1
473885,1
883709,1
292349,1
1016700,1
75607,1
895884,1
435361,1
813721,1
890288,1
980036,1
757455,1
986752,1
977560,1
227797,1
794544,1
331072,1
511095,1
13756,1
857576,1
568594,1
475176,1
548486,1
68968,1
43885,1
456735,1
318269,1
992203,1
928085,1
300159,1
269485,1
474287,1
424580,1
439630,1
773235,1
810307,1
357230,1
946625,1
120043,1
948817,1
40487,1
32004,1
16133,1
403677,1
819632,1
68864,1
996754,1
351830,1
176750,1
6431,1
545879,1
681876,1
6624,1
721147,1
325975,1
958481,1
47807,1
34568,1
927291,1
93945,1
512387,1
791005,1
611900,1
695860,1
702898,1
919218,1
359050,1
783620,1
711862,1
867743,1
97716,1
83478,1
148740,1
641304,1
576876,1
647830,1
381748,1
727346,1
888980,1
890528,1
844217,1
579466,1
94590,1
150649,1
987417,1
944872,1
120617,1
964481,1
117569,1
906085,1
1350,1
572698,1
395032,1
195268,1
118536,1
51700,1
92901,1
445433,1
529932,1
491272,1
401622,1
361851,1
643988,1
965273,1
938629,1
5531,1
577110,1
449193,1
87765,1
955669,1
412448,1
634356,1
718042,1
7377,1
149356,1
221584,1
339939,1
614721,1
487818,1
957999,1
722918,1
786189,1
727060,1
180414,1
592377,1
593737,1
365578,1
142645,1
451703,1
1011407,1
517853,1
396961,1
63761,1
166628,1
175401,1
426970,1
290795,1
544111,1
321824,1
703252,1
584941,1
660559,1
124036,1
433599,1
780080,1
696185,1
462141,1
438557,1
175982,1
397982,1
726974,1
552582,1
662605,1
856443,1
106800,1
324230,1
313033,1
796246,1
106120,1
18787,1
630060,1
8987,1
152964,1
648044,1
501865,1
97388,1
748445,1
834252,1
461698,1
217426,1
453087,1
881526,1
1001289,1
874385,1
379940,1
672322,1
747198,1
424753,1
785738,1
810456,1
900942,1
37417,1
468478,1
549154,1
888696,1
677411,1
729164,1
250846,1
793449,1
890932,1
256362,1
667733,1
720628,1
244664,1
655201,1
791838,1
45386,1
528762,1
611141,1
286775,1
332612,1
989390,1
591651,1
1016348,1
1003070,1
751730,1
27351,1
216171,1
412616,1
754950,1
763570,1
931115,1
23818,1
871648,1
114389,1
971059,1
80497,1
104266,1
972314,1
39662,1
479034,1
313149,1
411531,1
978197,1
166985,1
672592,1
5174,1
366018,1
548931,1
458769,1
641375,1
300858,1
192497,1
494821,1
942303,1
916641,1
725851,1
690847,1
532558,1
445981,1
216695,1
1009801,1
961853,1
398942,1
228896,1
341054,1
831548,1
753437,1
335480,1
267472,1
694253,1
462417,1
974828,1
989705,1
116735,1
528476,1
824174,1
675730,1
543904,1
780899,1
548699,1
626372,1
226867,1
994638,1
780357,1
581862,1
126825,1
65532,1
286449,1
212408,1
981513,1
327131,1
481748,1
335638,1
84215,1
591370,1
477525,1
985813,1
395854,1
410572,1
297132,1
306753,1
185867,1
134533,1
229461,1
454832,1
461374,1
800036,1
791644,1
886183,1
877222,1
534072,1
949511,1
941787,1
928258,1
964532,1
369686,1
327914,1
312720,1
433292,1
963605,1
205922,1
64436,1
637817,1
857270,1
419560,1
792739,1
944015,1
56144,1
839307,1
33469,1
745249,1
663051,1
436119,1
184451,1
187792,1
184713,1
519277,1
437481,1
347183,1
904848,1
70617,1
820241,1
6165,1
850288,1
576527,1
494848,1
682147,1
887273,1
371069,1
384745,1
571721,1
485159,1
627913,1
929939,1
107044,1
348787,1
397207,1
516659,1
656747,1
39494,1
957129,1
507119,1
704844,1
104336,1
489633,1
331943,1
935130,1
977394,1
279960,1
692277,1
987336,1
419231,1
860557,1
415971,1
308034,1
508450,2
416310,1
515342,1
149235,1
21695,1
716557,1
227401,1
326771,1
488552,1
277114,1
878403,1
622358,1
960692,1
940048,1
793563,1
552609,1
334048,1
109469,1
162124,1
185020,1
980130,1
600944,1
967151,1
238282,1
555425,1
314332,1
151109,1
285242,1
3452,1
345102,1
295685,1
600372,1
850055,1
89688,1
184062,1
504922,1
265984,1
620070,1
264034,1
611195,1
217652,1
66285,1
971346,1
227,1
84093,1
581058,1
231633,1
141715,1
978316,1
92321,1
939811,1
988466,1
201873,1
788615,1
808118,1
966360,1
696975,1
818543,1
368931,1
542742,1
849952,1
933247,1
971849,1
546326,1
579537,1
555634,1
983923,1
255977,1
478281,1
447035,1
974207,1
642759,1
697815,1
826168,1
738470,1
509944,1
203186,1
1011517,1
523332,1
287388,1
915493,1
807757,1
490058,1
156215,1
938799,1
834682,1
375106,1
940146,1
985757,1
932927,1
697368,1
773350,1
73090,1
98708,1
699757,1
521386,1
35412,1
972900,1
923980,1
505563,1
323506,1
561658,1
184582,1
979078,1
793554,1
824413,1
261986,1
434836,1
604983,1
765168,1
526856,1
887791,1
205157,1
529310,1
212420,1
107973,1
385027,1
672391,1
207250,1
479444,1
903017,1
928428,1
761446,1
1009446,1
684981,1
472807,1
160413,1
589365,1
779242,1
729548,1
289023,1
891587,1
274438,1
235532,1
675954,1
110860,1
79723,1
687526,1
531764,1
563859,1
537174,1
840156,1
939399,1
947013,1
272812,1
34863,1
611948,1
927608,1
861432,1
355109,1
70893,1
421716,1
125908,1
120839,1
314848,1
297333,1
369831,1
143039,1
398740,1
839710,1
21893,1
880314,1
334840,1
246544,1
247064,1
950234,1
696420,1
959412,1
557348,1
291401,1
244219,1
108953,1
954314,1
590016,1
808098,1
177855,1
482255,1
52625,1
212343,1
965242,1
825760,1
616387,1
79332,1
140446,1
290620,1
111906,1
948484,1
891769,1
148520,1
335166,1
464689,1
657705,1
45636,1
760108,1
308979,1
32764,1
674443,1
193122,1
769490,1
411792,1
680288,1
321990,1
989187,1
391361,1
608128,1
216055,1
71815,1
936845,1
31093,1
405023,1
249320,1
552230,1
149945,1
799126,1
740661,1
277688,1
170794,1
354494,1
597502,1
983709,1
527327,1
492595,1
645144,1
234120,1
906995,1
558554,1
322530,1
916545,1
476004,1
305610,1
532239,1
767820,1
65787,1
655955,1
907615,1
5030,1
393865,1
522262,1
190217,1
615474,1
752055,1
236377,1
16006,1
221461,1
875513,1
122854,1
239072,1
425730,1
177921,1
216119,1
259330,1
516183,1
263056,1
189466,1
176472,1
1008081,1
211593,1
891662,1
1002105,1
968490,1
681216,1
447306,1
590768,1
886173,1
157676,1
747714,1
537895,1
757185,1
639332,1
298357,1
687986,1
233001,1
398306,1
102091,1
784388,1
148548,1
201122,1
